{"dev": {"sentence_level/first": {"Bleu_1": 0.5718684448388638, "Bleu_2": 0.4201765812690984, "Bleu_3": 0.33033083950996234, "Bleu_4": 0.26665105139963186, "METEOR": 0.27020808327745766, "ROUGE_L": 0.5413544277532728}, "sentence_level/last": {"Bleu_1": 0.5646168383048468, "Bleu_2": 0.4093641608243327, "Bleu_3": 0.3184340864865778, "Bleu_4": 0.2548157433209454, "METEOR": 0.2625567992206798, "ROUGE_L": 0.5290517703882628}, "sentence_level/long": {"Bleu_1": 0.574731936693821, "Bleu_2": 0.4175902408729102, "Bleu_3": 0.32483572214814044, "Bleu_4": 0.25973824611091534, "METEOR": 0.26820631773043285, "ROUGE_L": 0.5291123279305471}, "sentence_level/short": {"Bleu_1": 0.5587858264973492, "Bleu_2": 0.4080466573513774, "Bleu_3": 0.3197723575587884, "Bleu_4": 0.2577815922254557, "METEOR": 0.26279462307882157, "ROUGE_L": 0.5374489989472516}, "sentence_level/middle": {"Bleu_1": 0.5748422804624725, "Bleu_2": 0.41955134403736166, "Bleu_3": 0.3280733416307552, "Bleu_4": 0.26359782874375626, "METEOR": 0.26891110713163613, "ROUGE_L": 0.5344891110481779}, "question_level": {"Bleu_1": 0.4197159061880796, "Bleu_2": 0.3153607015363679, "Bleu_3": 0.2474315906429123, "Bleu_4": 0.1986244156549641, "METEOR": 0.25696468714671683, "ROUGE_L": 0.4235833844115579, "CIDEr": 1.9508487156040022}}, "test": {"sentence_level/first": {"Bleu_1": 0.5665809150557901, "Bleu_2": 0.41013216595562924, "Bleu_3": 0.31598253403072035, "Bleu_4": 0.2488006389982876, "METEOR": 0.2602697581490037, "ROUGE_L": 0.5266624132158972}, "sentence_level/last": {"Bleu_1": 0.5640910696344221, "Bleu_2": 0.4044512096454459, "Bleu_3": 0.30941305706886235, "Bleu_4": 0.24227783468498712, "METEOR": 0.2575818490488075, "ROUGE_L": 0.5211673458671724}, "sentence_level/long": {"Bleu_1": 0.5742106983385373, "Bleu_2": 0.41294548394542974, "Bleu_3": 0.3164531329297173, "Bleu_4": 0.2479686265323802, "METEOR": 0.261580454257512, "ROUGE_L": 0.5201445509762828}, "sentence_level/short": {"Bleu_1": 0.5517753573838633, "Bleu_2": 0.39656447768958375, "Bleu_3": 0.3037712928096726, "Bleu_4": 0.23823450606530677, "METEOR": 0.25421191743072696, "ROUGE_L": 0.5234798732002774}, "sentence_level/middle": {"Bleu_1": 0.5736569063864208, "Bleu_2": 0.4140828167290859, "Bleu_3": 0.31821663761313207, "Bleu_4": 0.24987934998895675, "METEOR": 0.26242286897793254, "ROUGE_L": 0.525019111405179}, "question_level": {"Bleu_1": 0.38751434106623395, "Bleu_2": 0.28611595057159506, "Bleu_3": 0.21986626434282344, "Bleu_4": 0.17243530109017952, "METEOR": 0.24244288358294874, "ROUGE_L": 0.3973200197428855, "CIDEr": 1.7218788290035003}}}