{"raw": {"dev": {"answer_level": {"Bleu_1": 0.4407335067435555, "Bleu_2": 0.3322469086186731, "Bleu_3": 0.26120047667875623, "Bleu_4": 0.2098112384212302, "METEOR": 0.26681382176038765, "ROUGE_L": 0.4309559173449268}, "sentence_level/first": {"Bleu_1": 0.49221812147740546, "Bleu_2": 0.3755861230107199, "Bleu_3": 0.29819914116010826, "Bleu_4": 0.24196045723785314, "METEOR": 0.28328697806876224, "ROUGE_L": 0.460849729355264}, "sentence_level/last": {"Bleu_1": 0.4864020764107687, "Bleu_2": 0.36728740219984124, "Bleu_3": 0.2890756724843623, "Bleu_4": 0.23251661441269247, "METEOR": 0.27681000489646845, "ROUGE_L": 0.44891010327683273}, "sentence_level/long": {"Bleu_1": 0.47838182917814015, "Bleu_2": 0.361476479690602, "Bleu_3": 0.28468925322453253, "Bleu_4": 0.22889786132471213, "METEOR": 0.2815902864919752, "ROUGE_L": 0.44850652062948426}, "sentence_level/short": {"Bleu_1": 0.48358650511805906, "Bleu_2": 0.3687268124760957, "Bleu_3": 0.2924177916577975, "Bleu_4": 0.23719856081518334, "METEOR": 0.27754922580388136, "ROUGE_L": 0.45877411363271636}, "sentence_level/middle": {"Bleu_1": 0.4838820964314232, "Bleu_2": 0.36659241395847136, "Bleu_3": 0.28950360211809584, "Bleu_4": 0.23333835455982901, "METEOR": 0.28170383923691733, "ROUGE_L": 0.45297905710975755}}, "test": {"answer_level": {"Bleu_1": 0.40780593332617204, "Bleu_2": 0.30044602316137997, "Bleu_3": 0.23046238810268116, "Bleu_4": 0.18048649493951813, "METEOR": 0.2509564841276704, "ROUGE_L": 0.4037800747908312}, "sentence_level/first": {"Bleu_1": 0.48416086728410923, "Bleu_2": 0.3621739079094285, "Bleu_3": 0.28036968753734165, "Bleu_4": 0.22149142159748175, "METEOR": 0.27092621691562474, "ROUGE_L": 0.44170680232883663}, "sentence_level/last": {"Bleu_1": 0.48196991240549875, "Bleu_2": 0.35925628391351266, "Bleu_3": 0.2778634912995658, "Bleu_4": 0.21886129314921754, "METEOR": 0.2694158667272399, "ROUGE_L": 0.4374452930845889}, "sentence_level/long": {"Bleu_1": 0.48511460922396454, "Bleu_2": 0.3596808146900146, "Bleu_3": 0.27706629423466034, "Bleu_4": 0.21748911233024307, "METEOR": 0.27211036871472827, "ROUGE_L": 0.4349131893958476}, "sentence_level/short": {"Bleu_1": 0.46831838002603265, "Bleu_2": 0.3505984707790428, "Bleu_3": 0.27141977899056974, "Bleu_4": 0.21445541460498624, "METEOR": 0.26565427393646457, "ROUGE_L": 0.4386390319159242}, "sentence_level/middle": {"Bleu_1": 0.49132132661232475, "Bleu_2": 0.3671121913963958, "Bleu_3": 0.28412503086121316, "Bleu_4": 0.22410862873010162, "METEOR": 0.2736474874220083, "ROUGE_L": 0.44137675378987373}}}, "processed": {"dev": {"answer_level": {"Bleu_1": 0.5379799871839065, "Bleu_2": 0.38866753072333865, "Bleu_3": 0.30215155045963465, "Bleu_4": 0.24186215790390872, "METEOR": 0.2635414658751007, "ROUGE_L": 0.5188541563773466}, "sentence_level/first": {"Bleu_1": 0.584823131500641, "Bleu_2": 0.43074045333361544, "Bleu_3": 0.3393046463445035, "Bleu_4": 0.27454907595509886, "METEOR": 0.2795799603338304, "ROUGE_L": 0.544874894957273}, "sentence_level/last": {"Bleu_1": 0.5814127430846, "Bleu_2": 0.4242786351490509, "Bleu_3": 0.3313811451353199, "Bleu_4": 0.26600997914188473, "METEOR": 0.2735580632418358, "ROUGE_L": 0.5353667613927608}, "sentence_level/long": {"Bleu_1": 0.5694892489236862, "Bleu_2": 0.41584157419558226, "Bleu_3": 0.3250329793998567, "Bleu_4": 0.260854199789691, "METEOR": 0.2779162288102935, "ROUGE_L": 0.5324387975755086}, "sentence_level/short": {"Bleu_1": 0.5826154733469782, "Bleu_2": 0.4287112467060529, "Bleu_3": 0.33702784601577884, "Bleu_4": 0.2724654620549526, "METEOR": 0.2740888022386898, "ROUGE_L": 0.5455036150221312}, "sentence_level/middle": {"Bleu_1": 0.576073589453483, "Bleu_2": 0.4218902268010565, "Bleu_3": 0.33067366045573965, "Bleu_4": 0.26605064922880733, "METEOR": 0.2782436612619495, "ROUGE_L": 0.5373798919598779}}, "test": {"answer_level": {"Bleu_1": 0.5115203133802867, "Bleu_2": 0.35870104974349293, "Bleu_3": 0.2717139716977374, "Bleu_4": 0.2114548406432908, "METEOR": 0.2485139743022983, "ROUGE_L": 0.4948237630920426}, "sentence_level/first": {"Bleu_1": 0.5811571136564049, "Bleu_2": 0.42058526877493063, "Bleu_3": 0.32399674551773106, "Bleu_4": 0.2550595063424721, "METEOR": 0.26818924064569283, "ROUGE_L": 0.5282574620318041}, "sentence_level/last": {"Bleu_1": 0.5819038466406439, "Bleu_2": 0.4188632564629707, "Bleu_3": 0.3216119395553257, "Bleu_4": 0.2528477718581686, "METEOR": 0.26659026857806295, "ROUGE_L": 0.5254776787447887}, "sentence_level/long": {"Bleu_1": 0.5782673370787826, "Bleu_2": 0.41516624615651015, "Bleu_3": 0.3176999023233505, "Bleu_4": 0.24874530307830092, "METEOR": 0.269298610174868, "ROUGE_L": 0.5204310484880218}, "sentence_level/short": {"Bleu_1": 0.5697645356460038, "Bleu_2": 0.41088448427663227, "Bleu_3": 0.3163050110370822, "Bleu_4": 0.2491755639420314, "METEOR": 0.26301725165080114, "ROUGE_L": 0.5287025406767367}, "sentence_level/middle": {"Bleu_1": 0.5875295794000077, "Bleu_2": 0.42475318471534934, "Bleu_3": 0.3265409318627417, "Bleu_4": 0.25666873257021056, "METEOR": 0.27067453884159615, "ROUGE_L": 0.5266342328384699}}}}