{"dev": {"sentence_level/first": {"Bleu_1": 0.584823131500641, "Bleu_2": 0.43074045333361544, "Bleu_3": 0.3393046463445035, "Bleu_4": 0.27454907595509886, "METEOR": 0.2795799603338304, "ROUGE_L": 0.544874894957273}, "sentence_level/last": {"Bleu_1": 0.5814127430846, "Bleu_2": 0.4242786351490509, "Bleu_3": 0.3313811451353199, "Bleu_4": 0.26600997914188473, "METEOR": 0.2735580632418358, "ROUGE_L": 0.5353667613927608}, "sentence_level/long": {"Bleu_1": 0.5694892489236862, "Bleu_2": 0.41584157419558226, "Bleu_3": 0.3250329793998567, "Bleu_4": 0.260854199789691, "METEOR": 0.2779162288102935, "ROUGE_L": 0.5324387975755086}, "sentence_level/short": {"Bleu_1": 0.5826154733469782, "Bleu_2": 0.4287112467060529, "Bleu_3": 0.33702784601577884, "Bleu_4": 0.2724654620549526, "METEOR": 0.2740888022386898, "ROUGE_L": 0.5455036150221312}, "sentence_level/middle": {"Bleu_1": 0.576073589453483, "Bleu_2": 0.4218902268010565, "Bleu_3": 0.33067366045573965, "Bleu_4": 0.26605064922880733, "METEOR": 0.2782436612619495, "ROUGE_L": 0.5373798919598779}, "question_level": {"Bleu_1": 0.4407335067435555, "Bleu_2": 0.3322469086186731, "Bleu_3": 0.26120047667875623, "Bleu_4": 0.2098112384212302, "METEOR": 0.26681547148057333, "ROUGE_L": 0.4309559173449268, "CIDEr": 2.0079680287188593}}, "test": {"sentence_level/first": {"Bleu_1": 0.5811571136564049, "Bleu_2": 0.42058526877493063, "Bleu_3": 0.32399674551773106, "Bleu_4": 0.2550595063424721, "METEOR": 0.26818924064569283, "ROUGE_L": 0.5282574620318041}, "sentence_level/last": {"Bleu_1": 0.5819038466406439, "Bleu_2": 0.4188632564629707, "Bleu_3": 0.3216119395553257, "Bleu_4": 0.2528477718581686, "METEOR": 0.26659026857806295, "ROUGE_L": 0.5254776787447887}, "sentence_level/long": {"Bleu_1": 0.5782673370787826, "Bleu_2": 0.41516624615651015, "Bleu_3": 0.3176999023233505, "Bleu_4": 0.24874530307830092, "METEOR": 0.269298610174868, "ROUGE_L": 0.5204310484880218}, "sentence_level/short": {"Bleu_1": 0.5697645356460038, "Bleu_2": 0.41088448427663227, "Bleu_3": 0.3163050110370822, "Bleu_4": 0.2491755639420314, "METEOR": 0.26301725165080114, "ROUGE_L": 0.5287025406767367}, "sentence_level/middle": {"Bleu_1": 0.5875295794000077, "Bleu_2": 0.42475318471534934, "Bleu_3": 0.3265409318627417, "Bleu_4": 0.25666873257021056, "METEOR": 0.27067453884159615, "ROUGE_L": 0.5266342328384699}, "question_level": {"Bleu_1": 0.40780593332617204, "Bleu_2": 0.30044602316137997, "Bleu_3": 0.23046238810268116, "Bleu_4": 0.18048649493951813, "METEOR": 0.25095660845476725, "ROUGE_L": 0.4037800747908312, "CIDEr": 1.7542951124162707}}}