{"raw": {"dev": {"answer_level": {"Bleu_1": 0.4208978225675713, "Bleu_2": 0.3128840641696639, "Bleu_3": 0.24342333292710078, "Bleu_4": 0.19418823724693765, "METEOR": 0.2554952598879863, "ROUGE_L": 0.4118384015871854}, "sentence_level/first": {"Bleu_1": 0.47725779283325315, "Bleu_2": 0.36036371118545296, "Bleu_3": 0.2838456843212867, "Bleu_4": 0.22889642953756767, "METEOR": 0.2740388447281289, "ROUGE_L": 0.4434061305195895}, "sentence_level/last": {"Bleu_1": 0.46943012471053364, "Bleu_2": 0.3500252950457439, "Bleu_3": 0.27281030066650963, "Bleu_4": 0.21794413630709353, "METEOR": 0.26578530674203643, "ROUGE_L": 0.42809566373885355}, "sentence_level/long": {"Bleu_1": 0.46516507923530137, "Bleu_2": 0.34676840002786435, "Bleu_3": 0.27030973029151156, "Bleu_4": 0.21591961251960493, "METEOR": 0.27129143788374954, "ROUGE_L": 0.42975073607680614}, "sentence_level/short": {"Bleu_1": 0.4624388387728714, "Bleu_2": 0.3478822041856625, "Bleu_3": 0.27289699707925, "Bleu_4": 0.21954729902404668, "METEOR": 0.26629372269647894, "ROUGE_L": 0.4370986985241351}, "sentence_level/middle": {"Bleu_1": 0.471600616160195, "Bleu_2": 0.35325894204937763, "Bleu_3": 0.27651519763179455, "Bleu_4": 0.2216022915676773, "METEOR": 0.2718831774970953, "ROUGE_L": 0.4351333326575909}}, "test": {"answer_level": {"Bleu_1": 0.38632849263462443, "Bleu_2": 0.28128637771701487, "Bleu_3": 0.21385811938298357, "Bleu_4": 0.16667154808070594, "METEOR": 0.2387081394839195, "ROUGE_L": 0.38361898756849167}, "sentence_level/first": {"Bleu_1": 0.46693753403170846, "Bleu_2": 0.34627366746158666, "Bleu_3": 0.26661357827144366, "Bleu_4": 0.210250872793881, "METEOR": 0.26074193936153706, "ROUGE_L": 0.42412183643848916}, "sentence_level/last": {"Bleu_1": 0.4620876789364368, "Bleu_2": 0.33966667391116917, "Bleu_3": 0.25965985582719053, "Bleu_4": 0.20295354844034544, "METEOR": 0.2570597143747907, "ROUGE_L": 0.41794290707153364}, "sentence_level/long": {"Bleu_1": 0.4697881610367057, "Bleu_2": 0.3447489959857453, "Bleu_3": 0.2631918103108601, "Bleu_4": 0.20544994226766014, "METEOR": 0.2603914809608226, "ROUGE_L": 0.41592508147603846}, "sentence_level/short": {"Bleu_1": 0.4510759737560006, "Bleu_2": 0.33439146679343656, "Bleu_3": 0.2573028985084227, "Bleu_4": 0.2029417200650269, "METEOR": 0.2558151226462983, "ROUGE_L": 0.42281459153387796}, "sentence_level/middle": {"Bleu_1": 0.4725729114683223, "Bleu_2": 0.34843292380013385, "Bleu_3": 0.2670804743209797, "Bleu_4": 0.20932789665246707, "METEOR": 0.2618532330067863, "ROUGE_L": 0.4220152402171974}}}, "processed": {"dev": {"answer_level": {"Bleu_1": 0.5226092859167687, "Bleu_2": 0.37028096529311927, "Bleu_3": 0.2846275849217837, "Bleu_4": 0.22598952572941491, "METEOR": 0.2523854504882742, "ROUGE_L": 0.5012135736359566}, "sentence_level/first": {"Bleu_1": 0.5737201715856185, "Bleu_2": 0.4160142449546441, "Bleu_3": 0.32462230569186273, "Bleu_4": 0.26083344069933273, "METEOR": 0.27057136665196796, "ROUGE_L": 0.5296268089672458}, "sentence_level/last": {"Bleu_1": 0.568889517175786, "Bleu_2": 0.4078651777920777, "Bleu_3": 0.3149328676398897, "Bleu_4": 0.25082490796995727, "METEOR": 0.26270365795278205, "ROUGE_L": 0.517121444887096}, "sentence_level/long": {"Bleu_1": 0.5573790405850201, "Bleu_2": 0.39974782795052133, "Bleu_3": 0.30874141101897906, "Bleu_4": 0.24582233689707858, "METEOR": 0.26773820340041504, "ROUGE_L": 0.5159420202852391}, "sentence_level/short": {"Bleu_1": 0.5641269053437646, "Bleu_2": 0.4073677833823999, "Bleu_3": 0.31655240377173205, "Bleu_4": 0.2536363318615848, "METEOR": 0.2634082786881841, "ROUGE_L": 0.5271334515597723}, "sentence_level/middle": {"Bleu_1": 0.5645909158897072, "Bleu_2": 0.4066316027746596, "Bleu_3": 0.31530360254238665, "Bleu_4": 0.2519435121721508, "METEOR": 0.2684164091876135, "ROUGE_L": 0.5212645745863271}}, "test": {"answer_level": {"Bleu_1": 0.49043829030384223, "Bleu_2": 0.3377682804304759, "Bleu_3": 0.2530890605580379, "Bleu_4": 0.1957970188084986, "METEOR": 0.23657451279313196, "ROUGE_L": 0.47669976305330036}, "sentence_level/first": {"Bleu_1": 0.5644417747064612, "Bleu_2": 0.40272647804353645, "Bleu_3": 0.3077306121445383, "Bleu_4": 0.24149209794760224, "METEOR": 0.2581976662515985, "ROUGE_L": 0.5125405978245461}, "sentence_level/last": {"Bleu_1": 0.561317520976485, "Bleu_2": 0.3968276158453741, "Bleu_3": 0.3009237311845517, "Bleu_4": 0.23454500860424984, "METEOR": 0.2545306218709632, "ROUGE_L": 0.506510940575509}, "sentence_level/long": {"Bleu_1": 0.5631267007119622, "Bleu_2": 0.3980322575450445, "Bleu_3": 0.30154265269786346, "Bleu_4": 0.23460415232717893, "METEOR": 0.2579499080382296, "ROUGE_L": 0.5023520931393334}, "sentence_level/short": {"Bleu_1": 0.5521230667757806, "Bleu_2": 0.39300713167209006, "Bleu_3": 0.2998788819513377, "Bleu_4": 0.2353962846950075, "METEOR": 0.2532356900676978, "ROUGE_L": 0.5139679941060771}, "sentence_level/middle": {"Bleu_1": 0.5699340591696307, "Bleu_2": 0.4050260045878884, "Bleu_3": 0.3080777928463147, "Bleu_4": 0.24059448991407695, "METEOR": 0.25944207353373067, "ROUGE_L": 0.5090007159804829}}}}