{"raw": {"dev": {"answer_level": {"Bleu_1": 0.4197159061880796, "Bleu_2": 0.3153607015363679, "Bleu_3": 0.2474315906429123, "Bleu_4": 0.1986244156549641, "METEOR": 0.25696299087896407, "ROUGE_L": 0.4235833844115579}, "sentence_level/first": {"Bleu_1": 0.47484602503876194, "Bleu_2": 0.3621692071791398, "Bleu_3": 0.287306655236971, "Bleu_4": 0.23260191141352474, "METEOR": 0.2736099207782728, "ROUGE_L": 0.4542986655424688}, "sentence_level/last": {"Bleu_1": 0.4649353660510403, "Bleu_2": 0.34978679817334735, "Bleu_3": 0.2748010949408321, "Bleu_4": 0.22057885299726013, "METEOR": 0.2655650659040306, "ROUGE_L": 0.43911642872583256}, "sentence_level/long": {"Bleu_1": 0.4771755707546073, "Bleu_2": 0.359142098640505, "Bleu_3": 0.28200045950128805, "Bleu_4": 0.22615800011547954, "METEOR": 0.2715529492105038, "ROUGE_L": 0.44153516326047193}, "sentence_level/short": {"Bleu_1": 0.4595222763361932, "Bleu_2": 0.3489492389620463, "Bleu_3": 0.27632107655098087, "Bleu_4": 0.2236740302887858, "METEOR": 0.26585535966858614, "ROUGE_L": 0.4474555507308853}, "sentence_level/middle": {"Bleu_1": 0.4767948143030738, "Bleu_2": 0.36089357335265443, "Bleu_3": 0.28476316492605225, "Bleu_4": 0.22940725909484935, "METEOR": 0.2722451191362697, "ROUGE_L": 0.4469118002142273}}, "test": {"answer_level": {"Bleu_1": 0.38751434106623395, "Bleu_2": 0.28611595057159506, "Bleu_3": 0.21986626434282344, "Bleu_4": 0.17243530109017952, "METEOR": 0.24244271795483843, "ROUGE_L": 0.3973200197428855}, "sentence_level/first": {"Bleu_1": 0.46761990392013353, "Bleu_2": 0.3508072766816267, "Bleu_3": 0.27217687080647707, "Bleu_4": 0.2151247285033882, "METEOR": 0.2630514053258178, "ROUGE_L": 0.437212576603096}, "sentence_level/last": {"Bleu_1": 0.4640198543636367, "Bleu_2": 0.34569206899931, "Bleu_3": 0.26652194205667534, "Bleu_4": 0.20921332675921978, "METEOR": 0.2601763560069649, "ROUGE_L": 0.43050822810617}, "sentence_level/long": {"Bleu_1": 0.47536373043778907, "Bleu_2": 0.3541931626450293, "Bleu_3": 0.2731957670196644, "Bleu_4": 0.21451993129985295, "METEOR": 0.2642761501034191, "ROUGE_L": 0.43147160002199725}, "sentence_level/short": {"Bleu_1": 0.4512928192744221, "Bleu_2": 0.337148056646924, "Bleu_3": 0.2602439690361777, "Bleu_4": 0.20485359900016548, "METEOR": 0.256727994360381, "ROUGE_L": 0.4317324789167915}, "sentence_level/middle": {"Bleu_1": 0.47466765729655536, "Bleu_2": 0.35541765526987834, "Bleu_3": 0.27508256168121004, "Bleu_4": 0.2167235330174634, "METEOR": 0.26530765366837733, "ROUGE_L": 0.4362637160411912}}}, "processed": {"dev": {"answer_level": {"Bleu_1": 0.5208466444927953, "Bleu_2": 0.37403564740465506, "Bleu_3": 0.2897589618859646, "Bleu_4": 0.23138785081450733, "METEOR": 0.25389370624500884, "ROUGE_L": 0.5143421882809961}, "sentence_level/first": {"Bleu_1": 0.5718684448388638, "Bleu_2": 0.4201765812690984, "Bleu_3": 0.33033083950996234, "Bleu_4": 0.26665105139963186, "METEOR": 0.27020808327745766, "ROUGE_L": 0.5413544277532728}, "sentence_level/last": {"Bleu_1": 0.5646168383048468, "Bleu_2": 0.4093641608243327, "Bleu_3": 0.3184340864865778, "Bleu_4": 0.2548157433209454, "METEOR": 0.2625567992206798, "ROUGE_L": 0.5290517703882628}, "sentence_level/long": {"Bleu_1": 0.574731936693821, "Bleu_2": 0.4175902408729102, "Bleu_3": 0.32483572214814044, "Bleu_4": 0.25973824611091534, "METEOR": 0.26820631773043285, "ROUGE_L": 0.5291123279305471}, "sentence_level/short": {"Bleu_1": 0.5587858264973492, "Bleu_2": 0.4080466573513774, "Bleu_3": 0.3197723575587884, "Bleu_4": 0.2577815922254557, "METEOR": 0.26279462307882157, "ROUGE_L": 0.5374489989472516}, "sentence_level/middle": {"Bleu_1": 0.5748422804624725, "Bleu_2": 0.41955134403736166, "Bleu_3": 0.3280733416307552, "Bleu_4": 0.26359782874375626, "METEOR": 0.26891110713163613, "ROUGE_L": 0.5344891110481779}}, "test": {"answer_level": {"Bleu_1": 0.4913608663281947, "Bleu_2": 0.3438991361914838, "Bleu_3": 0.2603547013178491, "Bleu_4": 0.20271586672373607, "METEOR": 0.24014135044535004, "ROUGE_L": 0.4915494237885866}, "sentence_level/first": {"Bleu_1": 0.5665809150557901, "Bleu_2": 0.41013216595562924, "Bleu_3": 0.31598253403072035, "Bleu_4": 0.2488006389982876, "METEOR": 0.2602697581490037, "ROUGE_L": 0.5266624132158972}, "sentence_level/last": {"Bleu_1": 0.5640910696344221, "Bleu_2": 0.4044512096454459, "Bleu_3": 0.30941305706886235, "Bleu_4": 0.24227783468498712, "METEOR": 0.2575818490488075, "ROUGE_L": 0.5211673458671724}, "sentence_level/long": {"Bleu_1": 0.5742106983385373, "Bleu_2": 0.41294548394542974, "Bleu_3": 0.3164531329297173, "Bleu_4": 0.2479686265323802, "METEOR": 0.261580454257512, "ROUGE_L": 0.5201445509762828}, "sentence_level/short": {"Bleu_1": 0.5517753573838633, "Bleu_2": 0.39656447768958375, "Bleu_3": 0.3037712928096726, "Bleu_4": 0.23823450606530677, "METEOR": 0.25421191743072696, "ROUGE_L": 0.5234798732002774}, "sentence_level/middle": {"Bleu_1": 0.5736569063864208, "Bleu_2": 0.4140828167290859, "Bleu_3": 0.31821663761313207, "Bleu_4": 0.24987934998895675, "METEOR": 0.26242286897793254, "ROUGE_L": 0.525019111405179}}}}