{"dev": {"sentence_level/first": {"Bleu_1": 0.5737201715856185, "Bleu_2": 0.4160142449546441, "Bleu_3": 0.32462230569186273, "Bleu_4": 0.26083344069933273, "METEOR": 0.27057136665196796, "ROUGE_L": 0.5296268089672458}, "sentence_level/last": {"Bleu_1": 0.568889517175786, "Bleu_2": 0.4078651777920777, "Bleu_3": 0.3149328676398897, "Bleu_4": 0.25082490796995727, "METEOR": 0.26270365795278205, "ROUGE_L": 0.517121444887096}, "sentence_level/long": {"Bleu_1": 0.5573790405850201, "Bleu_2": 0.39974782795052133, "Bleu_3": 0.30874141101897906, "Bleu_4": 0.24582233689707858, "METEOR": 0.26773820340041504, "ROUGE_L": 0.5159420202852391}, "sentence_level/short": {"Bleu_1": 0.5641269053437646, "Bleu_2": 0.4073677833823999, "Bleu_3": 0.31655240377173205, "Bleu_4": 0.2536363318615848, "METEOR": 0.2634082786881841, "ROUGE_L": 0.5271334515597723}, "sentence_level/middle": {"Bleu_1": 0.5645909158897072, "Bleu_2": 0.4066316027746596, "Bleu_3": 0.31530360254238665, "Bleu_4": 0.2519435121721508, "METEOR": 0.2684164091876135, "ROUGE_L": 0.5212645745863271}, "question_level": {"Bleu_1": 0.4208978225675713, "Bleu_2": 0.3128840641696639, "Bleu_3": 0.24342333292710078, "Bleu_4": 0.19418823724693765, "METEOR": 0.2554969430232046, "ROUGE_L": 0.4118384015871854, "CIDEr": 1.849235065980963}}, "test": {"sentence_level/first": {"Bleu_1": 0.5644417747064612, "Bleu_2": 0.40272647804353645, "Bleu_3": 0.3077306121445383, "Bleu_4": 0.24149209794760224, "METEOR": 0.2581976662515985, "ROUGE_L": 0.5125405978245461}, "sentence_level/last": {"Bleu_1": 0.561317520976485, "Bleu_2": 0.3968276158453741, "Bleu_3": 0.3009237311845517, "Bleu_4": 0.23454500860424984, "METEOR": 0.2545306218709632, "ROUGE_L": 0.506510940575509}, "sentence_level/long": {"Bleu_1": 0.5631267007119622, "Bleu_2": 0.3980322575450445, "Bleu_3": 0.30154265269786346, "Bleu_4": 0.23460415232717893, "METEOR": 0.2579499080382296, "ROUGE_L": 0.5023520931393334}, "sentence_level/short": {"Bleu_1": 0.5521230667757806, "Bleu_2": 0.39300713167209006, "Bleu_3": 0.2998788819513377, "Bleu_4": 0.2353962846950075, "METEOR": 0.2532356900676978, "ROUGE_L": 0.5139679941060771}, "sentence_level/middle": {"Bleu_1": 0.5699340591696307, "Bleu_2": 0.4050260045878884, "Bleu_3": 0.3080777928463147, "Bleu_4": 0.24059448991407695, "METEOR": 0.25944207353373067, "ROUGE_L": 0.5090007159804829}, "question_level": {"Bleu_1": 0.38632849263462443, "Bleu_2": 0.28128637771701487, "Bleu_3": 0.21385811938298357, "Bleu_4": 0.16667154808070594, "METEOR": 0.23870833632455335, "ROUGE_L": 0.38361898756849167, "CIDEr": 1.613734518611441}}}